x1,x2,x3,y
0.09250846466757467,-0.10611445996075464,-0.8920841309316607,-0.9393828662075392
-0.27908597631061216,-0.21919713293557042,-0.7221950350908006,0.702371460178769
0.7940132646917719,-0.23800378074847495,-0.7377839993835025,2.438693740236853
-0.06168599841305089,-0.38194342696354533,-0.9612093373101538,-3.75438145562402
1.0,0.8631741213496882,-0.7232851686666466,14.240563229979516
1.0,0.3858925861330349,0.5162498461408371,8.8235294302352
1.0,-0.05070590440494205,-0.9842734549052097,7.628491275044449
-0.6971887367658613,-0.15816687413471242,1.0,2.443965096404753
-0.0762513033877763,0.1365887914361601,-0.32440520983021637,0.686412855374097
-1.0,-0.0021706123873923566,0.6473568855832017,-4.175030605332832
-1.0,0.0045204759456769494,-0.26213471494853957,-3.090074809586968
0.12363025645189718,0.24040209315893812,-0.4170917119947324,1.5356218928434995
-1.0,-0.4687839051384106,0.34869268489694716,-0.7183698942231923
-1.0,-0.2274658662897613,-1.0,7.541210460942084
-0.17067014328762142,0.5419200231794823,-0.5393589132932837,0.07366217225855917
-0.9410114346996394,-0.0751960775110283,-0.01726662628222453,-3.728735873122478
0.2101188192132053,-1.0,-0.4869156462802673,-0.27484348716205576
0.05599860828586545,-1.0,0.5817521493036153,0.18975049613717393
-1.0,1.0,-0.38895236440763825,12.283814167727016
-0.2419558135566069,-0.9613454706789908,0.6992956565187154,0.3131807237299818
0.5212279726138795,-0.1634997875622488,1.0,-1.1159236521275093
1.0,0.08267935548081917,-0.021575509233050516,5.191565487178602
0.07983090750438682,0.15828695585828023,0.6460096258776877,0.3273638959812303
-0.2702497772663086,-0.04839561540410475,0.7562058373638381,0.18863366605645643
-0.07023387594597374,1.0,0.002239829804943305,7.481460302713254
-1.0,0.1697332867223087,0.9601199007512218,2.1215001066783494
-0.24874371504987436,0.2608264663523969,0.3613352778620942,-0.7492843874406759
0.4704994062051331,0.08739075353194559,1.0,0.08629924408141913
0.2816266150472455,-0.9597722329059053,0.6128963024561482,0.04552132474260365
1.0,-0.8878168109103779,0.8503316766473346,-1.5531186619206463
-0.7417040639628707,1.0,-0.1205239454018423,4.139706290446835
-0.08399392699319086,-1.0,-0.4685835626161645,0.2299923734401721
0.10634162748549225,0.8298473808339011,1.0,7.761129877649087
0.21238046770563312,-0.7530144787850404,-0.24212859611972481,1.9576693962009277
1.0,-0.6461061598230862,0.3103195555814222,3.4977658543086663
1.0,-0.3321932358014619,-1.0,3.7074897881221096
-0.8657382100916791,-0.904243084461595,0.7665184595510113,9.09961268589201
0.9092575367678366,-0.2092070677492497,-0.8322033090890146,4.853547248410994
1.0,-1.0,0.04738598688581819,-8.230685880263708
-0.6604640549975502,-0.019018297107183946,-0.40732408966944766,0.11613963267084781
0.8836103545386538,-1.0,0.08182651036067723,-5.360314022535835
-0.016637152560325053,0.5214618746905424,-1.0,-3.910180653136467
-1.0,-0.28952336347654084,0.7820725671346849,0.43452465903577037
-0.08620734955072273,0.02325884855618887,0.4670217717382812,-0.021404499718539943
-0.6822671478081304,1.0,1.0,16.37866299223398
-0.05528847996810282,0.26105256673492483,0.5727634452452248,0.012294545264255385
0.9697739674162311,0.38643800631567027,0.14933667408778883,5.360785567202393
-0.21091858325998958,0.0695688280504887,1.0,1.2843532257778048
-0.8741406540081755,-0.6322714944336632,1.0,6.964222178625503
0.004091909879873956,0.8751115548188624,-0.1979381165300833,3.800836913815321
0.3811404263028859,-0.32520228867288403,0.5541037981886772,1.2791345806612497
1.0,1.0,-0.6116431391417252,22.755706874162662
-0.10379383329508274,-0.09551907288782524,0.4550619483128091,0.7236946128265533
0.7466180932302344,-1.0,0.45027536261608914,-3.108777112831266
-0.5759733084005045,-0.6726762768460064,0.5942360425344941,1.7926450802631893
-0.406073197820068,-0.8933197030703526,-0.9066208143171182,-5.8464823163474575
-0.18159512832855684,1.0,0.8685016844369284,11.024263435752093
0.4090023547386281,-0.803140254304296,1.0,-3.675503467843428
0.8237428808796736,-0.7559713833239088,-0.1968096723169519,0.043540748911215454
0.5276915600520251,0.880536700193449,-1.0,1.1374485853624925
-0.8367037473963783,0.7799974438068651,0.883483497963591,2.6765861163688593
0.08812722210382118,-0.4294439631844591,-1.0,-5.241579494629263
-0.2794627485948251,0.18031751442068722,-0.6583289192109796,0.09905602116140018
1.0,0.5390134359584413,-0.2318751721370247,6.288783229693006
-0.04800660864934958,0.8169625686806818,0.5030545846749273,2.2588767221713857
-0.6974371174953331,1.0,1.0,15.630081571137518
0.9839422410492686,0.16186707985325932,-1.0,8.388149951437336
-0.7497204132969952,-0.6785785619985645,-0.18317904624571235,1.8828938373724644
0.7455208918051255,0.8294142217911102,-1.0,3.2728595461872882
0.6326825290737201,-0.6959215673577419,0.5292779124062768,0.5523407143400327
1.0,-0.30635235340191547,1.0,8.004932864743902
0.33950820319840336,-0.3807121541924041,-0.4640685069284727,0.7734571250337448
0.2788609845069454,-0.07612329290074915,-0.8161572770094019,-0.3312337361496258
-0.43348171877196595,-1.0,-0.34086349988766185,2.6178898126035217
0.6819448618784356,1.0,-0.08436460142128843,8.677307120959808
-1.0,-1.0,1.0,22.50359730104156
-0.02974425766007216,0.6113478344344268,-0.11402841999572955,0.9042626853293019
1.0,0.5637107814608826,-0.13341779010723975,6.13932722093407
-1.0,0.8835421682447304,0.7532841573326148,0.511372885919888
-0.5513540117276665,0.06794947719755884,-0.17721970267337261,-0.5702294406732199
-0.9314278989217564,-1.0,1.0,15.208337472255472
-1.0,0.4211892679960092,0.4752743976552798,-4.437426649958441
0.8092587242083866,0.36970122821757045,0.47819456746099354,4.046218361675141
-0.4322236581579908,-1.0,0.41169641735685225,2.9021641151099686
-0.13464390641377988,0.6471200782834461,-1.0,-3.6802609338370873
1.0,0.18573448875949383,-0.23224511593942654,4.676085688693958
-1.0,-0.27054015972388923,-0.37607620089146154,-3.8162785968919173
0.7024818008887053,-1.0,0.21947484882695378,-2.5540190030782637
-0.40323959775411256,0.6066032555724912,-0.8149585614363513,-1.4292799214729324
1.0,-1.0,-0.3337300167857389,-9.172984720206786
0.05691396801365389,-0.23712712933045044,0.6515386298773407,-0.3863416929784135
0.036293159972646816,-0.8548840154560553,1.0,-4.16381234945848
1.0,-1.0,-0.5215378822995516,-10.567543625221482
-0.014694969903297439,-0.6097499484460474,0.10185138876531163,1.2472455008924945
0.8053354252436087,1.0,-1.0,16.700499846752695
0.1866705243650688,-1.0,-0.03627470875812189,2.099940544497784
0.36925521166151065,0.4208562927534081,0.15625783243391078,0.7262737524814737
-1.0,0.11141914916874018,0.0391038301568849,-4.716641172352121
-1.0,-0.03537633195951817,-1.0,10.431471424912706
0.06393940266163844,1.0,-0.7387034738181968,9.787883173552657
0.0527646339392962,0.9789727650128697,0.528869110613053,7.3022526761009745
-1.0,-0.837831097504063,-0.6194381247146483,3.1286458978413405
1.0,-0.3045836386744243,0.3273449262838153,5.060657897341329
-0.23996904762327032,-0.6811937782612716,0.20578409592293712,1.399801419832681
-0.24159648317707294,-0.5427734333646255,1.0,-1.0178072688810953
-0.9544338304245743,-0.3415173121995576,0.8507142296446595,2.8933144523133714
0.09890164803573254,0.35173580584846653,0.04271110376367049,0.8042789988201158
-0.0983310073157786,-0.1867134258623695,1.0,-0.15707819671476525
-1.0,-0.4019334044752958,0.2771301872150078,-1.1879897304441194
1.0,-0.06882336950000578,0.9009142710009874,9.494367094818536
-0.1751207715660854,0.7319982176054791,-1.0,-4.844209657727726
0.3071748501439042,-0.5730331053010094,0.16823555206193674,0.7489417477866542
-1.0,0.8886935110223158,-0.19381640947986,5.848833502480071
1.0,-0.27822120552083884,-1.0,4.011334297239737
-0.6705152566468324,0.26977997649795604,0.5866412886217311,-1.7056603853440182
0.7162766045270268,-0.25713721784280175,-0.07659745863440537,2.005933806021638
-0.9979839229478409,-0.2864489172700593,-0.9375461263024856,4.621005005825331
0.9597801189769268,0.8246193257284249,0.1325962811773571,8.958502012236421
0.615168162040107,0.6236034657642606,-0.6579661622151098,1.946740129097642
0.017437329796289314,0.35589642467198446,-0.3200167493536681,0.605433499221009
1.0,-0.013353784172958516,-0.7045958356057487,5.844820308695168
-0.3486264581743854,0.7974470615500653,0.24757568642555228,0.6898998949799084
-1.0,0.7407452299895569,1.0,9.855667646440379
0.02121359804160261,-1.0,-1.0,-17.06300881832932
-0.19112116020895553,1.0,0.16339358501073176,6.793049879584731
-1.0,-0.7354464775531169,0.12937400836552815,1.975959166561729
-1.0,-0.2169349127711575,-0.35906303290883845,-2.6612033540414126
-0.659192252273918,1.0,1.0,16.344067259941294
-1.0,1.0,0.2672258935190095,3.9897914536853656
-0.5141804488400952,-0.05306514496746506,1.0,1.9460817477289294
-0.0367484120091115,1.0,0.6157360698554428,8.546347818744906
1.0,0.701930037990246,0.5347394779536214,10.877637361456115
0.27750283411273546,-0.7485396218510911,-0.1429207555750136,1.5791147969227848
0.31171751684371696,1.0,0.1428173471464067,6.867856439537781
0.5781395460272856,0.4420727975318208,0.7042263936706679,1.3537049175832023
-0.8322854817627094,0.655813066688546,-1.0,5.454114203624647
-1.0,-1.0,-0.6224928048903808,4.028189193345781
0.6573373662408188,-0.3212134878625079,1.0,-0.9778601081392237
0.001582571491268281,0.1693258251888501,-0.7353767222254692,-0.34628668308579447
0.8215105681601089,-1.0,0.48341666267365,-3.3050527095882685
1.0,0.3250197912707622,0.14602688213882553,5.536634193624681
-0.3089837655818455,0.4629097554987669,-0.458047002010598,-0.9325346718529426
-0.256865791816578,-1.0,1.0,-5.578125007829974
-0.5988249588551768,0.4394655962810414,1.0,4.633065972046774
-0.9337729255458367,-0.4435311605930865,1.0,6.027408947096801
0.14319641635943237,-0.15971025373512493,0.18348585154868857,1.223922245050407
0.073797721233541,-1.0,1.0,-6.98918825081818
-1.0,-0.556140199835623,0.9697387293971926,8.338822030537257
0.5406280044729685,-0.027645383483633656,-0.4430904316915236,1.8469638831703379
0.06852301388905024,-1.0,0.46332070169596307,0.49557585244817604
0.8874553941971237,-1.0,0.827185112555989,-5.254970364490316
0.03839742338453633,1.0,-1.0,3.9541349680779176
-0.1140354142954283,1.0,-0.316058755990986,9.183782896803216
0.6979907734969089,-0.5833611327333659,-0.8825747612160109,-2.3550078995644723
0.523024895446276,0.5328593719151662,-1.0,-2.4572047814006117
0.46882013798885147,-1.0,-0.6303261379692862,-5.188643785282068
-0.506027783289072,-0.9523890565341122,-0.46549538521555434,2.028509268212689
-0.31728981545473967,0.6531836378341285,1.0,6.026578999205782
-0.39695878468399215,-0.8542424743584935,1.0,-0.9635133564517899
-0.2832767702504191,0.2629298164508205,0.27911462145682364,-0.34980698978990377
-1.0,0.45238528336539696,-1.0,17.086665252095795
0.15482177786510576,-1.0,0.2534763308496524,0.897616556205259
-1.0,1.0,0.40666047850654286,2.19815364561115
-0.31595386200880893,-0.5848466973238238,-1.0,-5.070621044418341
1.0,-1.0,0.17236043569560855,-7.5212271636904084
-0.41438523394135296,0.4389137748092766,0.0427491674365259,-1.4922907339491451
-0.19636267986040723,-0.06244356534675699,-1.0,-3.021417694868298
1.0,-0.6687827095101708,0.8725177278534477,3.1729826262788507
-0.18183275608452742,-1.0,0.8457135970977092,-2.887459008496076
-0.7210842009402172,-0.5487857149867237,-0.75616184682105,1.6322202376144161
0.11861691233205351,0.36350058210521063,0.2760615830871087,0.9756655890507474
1.0,-1.0,-0.059535073254068704,-8.184166418384184
0.8712359170399553,1.0,0.4171924418635502,9.740200918285568
0.8221111278619784,1.0,0.31816310829918026,8.389942025338234
-1.0,-0.06145698014519474,0.4902082880841392,-3.931626603949762
-0.8485824697055315,0.2882669079232003,1.0,3.099187328282392
-0.5869013289003506,-0.040886117084074414,-0.04886711630510132,-0.18319873682806181
-1.0,-1.0,0.303484341062374,10.664874508418835
1.0,0.30285067590118775,0.4000220115134636,8.570095532737337
1.0,0.5869245473413682,-1.0,13.570966822819566
0.5241506025029579,-0.20726220954931462,1.0,-1.9416132973782232
1.0,0.4243985385243083,0.17010897578476047,6.944141349785519
0.49129365121389657,0.7998515042403174,-0.21340772775295802,2.5207671550206974
-0.09783891912114995,1.0,-1.0,4.293738974007828
1.0,0.824791946897794,0.19414585293496778,9.896421562185449
-0.7846114822794157,0.25473235571867625,-1.0,3.904587876847633
-0.1842187612082118,1.0,0.6253175675100675,8.696839706605832
-0.6234148614614772,-0.23119876745966428,0.48585271379346184,-0.137284190316659
-0.13533263062048384,-0.6577706733431998,-1.0,-7.2592649270861695
0.26247697111989665,0.4091536504523572,-0.9112179543959071,-0.9247012396629813
0.18103613896326665,-1.0,-1.0,-18.607812432477147
-1.0,-0.7298169749949945,0.7345125294283821,7.788307024148285
1.0,-1.0,0.6210404020100453,-5.521917296645912
0.17520557549060678,-0.04539264176907443,0.07443748418796581,0.16976192700114068
0.29904042500135675,1.0,0.4787128400123566,7.205736880119122
0.664486627171152,0.277343569813131,-0.2612663740408703,1.5538443338035963
-0.5103652400025476,1.0,-0.8812942019711847,2.891619471826902
0.11488901817609132,0.5827075247427587,0.7390043199367311,1.1984583820662529
0.8431029957516645,-0.19867303396433478,0.9839406172156282,2.7455410856554754
-0.028042776626873378,0.5525870566670761,-1.0,-5.330221744755172
0.49085988646148215,0.10811004027463822,0.43912552825714046,1.2249871270714
1.0,-0.16318278325977187,1.0,9.02476388532161
-1.0,-0.772870560001854,1.0,15.415270985847137
-0.8370741708002463,0.5558100001660637,0.21915995780516773,-2.9085718240462795
-0.25682950489684697,-0.45647576474528506,0.15876136198963886,1.1209361278836376
0.35597747010787817,0.05457719122009275,-0.4854355013045797,1.254088257159047
-0.10774954690068972,-0.4795088285411242,-0.12476912064236623,1.4507969532284581
0.6124548767854343,-0.3210818825602655,-1.0,-3.701570310301922
1.0,0.09596163064320096,-0.5175191140219793,4.698387341365105
-0.04294354960554214,1.0,-0.8746977412925516,6.971343867118745
0.694855998602929,-0.6559014876556251,-0.4189222873846754,1.2909171821627392
-0.3458733517492505,-0.050875171871348934,0.2886145502717208,-0.16472102187510054
0.4918728109849775,0.376026366941687,0.5985714522344063,0.8845349530335627
-1.0,-0.748005233745705,0.511232500240334,5.448425497337856
0.02095290532607308,0.6864465843235033,-0.3950149111233425,1.7638639222772325
-0.8995506291682556,0.49050046098555833,1.0,4.711332234879671
0.37956019643385974,-0.3375063508581586,-0.27313677533778447,0.7212528903192906
-1.0,-1.0,0.8646631851007442,18.468926203246323
0.5280760275487353,-0.2026958922152149,-0.11025991828167836,1.8723198909853918
0.6896714926752741,1.0,-1.0,12.276117327368658
1.0,-0.42252237085506184,0.2752693426945203,4.225224134188811
-0.08659808235838828,0.3710561759175177,0.7003691422150207,0.1622983604964624
-1.0,1.0,0.05708926119501645,6.587567531143561
0.6762263309917891,0.19402820270493693,0.605714274061508,1.9500199790201054
-0.759037098999322,0.79772136708819,0.03767572971396427,-1.0060956401490109
-0.42157582989951803,-0.5861085904584094,0.32368888381438343,0.19272360665932653
0.04195186266778994,0.013544325950855196,-0.2846192139511148,1.015871170371825
-0.3455069117783256,1.0,-0.12970589934724774,6.839591750487674
-1.0,-0.08481645224863676,-0.7424787507217163,0.0143829234139915
0.0699950680429644,0.1157272505635929,0.3165567822234787,1.4782076334100955
-0.30534788122808654,0.24929767529692382,0.809804919923409,-0.9310703316904201
1.0,0.38922041509497785,0.2876189422428883,6.858462890433937
0.11242809244628549,1.0,0.20967704979807822,7.5906247377942915
-0.6417986374303482,-1.0,-0.2544614015326556,5.055774637168222
-0.695895427349343,0.2530581497115618,-0.9820415578929305,0.15988380884454512
-0.6119469791980365,0.08699941022706192,1.0,1.538408969021297
0.18239167065796114,-1.0,0.44816489111831137,0.6779726322314847
-1.0,-0.26933699859518945,-1.0,7.85774830590439
1.0,-1.0,-0.17778919009785454,-8.513812305868433
-1.0,1.0,0.43049837337398333,2.1636055615046956
-0.062094337012212675,-1.0,-0.3934442292595144,1.0605034577715473
-0.9677964169199995,0.42197482522571805,0.8585132164241915,-1.3512871461047666
-0.4656684093693826,-0.030202781213768404,0.854984539941444,0.5867355341838119
0.917894944536261,0.3823857569145559,1.0,14.189344076686865
-0.8194708123438286,-0.7495428741287038,1.0,7.562614225567715
-0.7617697066140168,0.2358074728121473,-1.0,3.6310647083778997
0.025722911576342433,0.18913168614889653,-0.4701751899500197,0.9737608598105503
-0.6447518707822142,-0.8184886767629505,-0.2841923004340221,2.365092312680171
0.7548457706840561,1.0,-1.0,13.946255929092365
-0.3608391344201116,1.0,-1.0,1.4951051013047978
0.7967939812549618,0.29613617710597206,-0.8679347215402349,2.2820694228293723
-0.47766340375024585,-0.41452716581715765,-0.16703968457609508,1.5367954125487113
-0.009106414324262069,-0.042043972709241206,0.7057694813642152,-0.38639801076809066
0.6059161797933372,0.1741285838542055,0.15911977724750836,0.9761607310391966
0.6699408284440092,0.8535367836440546,1.0,10.398150979267214
-1.0,0.5569946354981667,-1.0,18.047952130702715
1.0,-0.8389401218817334,-1.0,-10.368028091879484
-0.11980196119843733,-0.25655801842440185,-0.3521832199176662,1.745945620245473
0.12735679050504878,-0.17578112192751671,0.5062857481886724,0.7014921749485747
-0.5713452949810296,-0.5452404394290162,0.05814847318731209,1.1393686396412799
1.0,-0.2986174199941274,0.7954864985728145,7.395306384246584
-0.17055974998656143,-0.37290555971073114,-0.5781356381856495,1.0766512771421226
0.6790140798803874,0.3406182139464726,0.20968006154315444,1.6355268127540177
-0.5931459755905331,0.20760101701897682,0.9058194317109804,1.6409469120967697
-0.050754656573043455,0.6151936726455458,1.0,5.118130741905224
-0.16716465047007745,-1.0,1.0,-5.98873902284174
-0.12223894300228855,0.23758122894791134,0.04465713202599164,0.25826055092373357
0.8029300699238988,0.7738665307815846,-1.0,3.4687435653154775
0.29141008612337815,-1.0,-0.8178474851209541,-9.614093522803847
0.8008987463855346,1.0,0.3882536071613132,7.559595260995593
0.7550472659037628,0.17779768671323115,1.0,4.485186468216866
-0.12673105032819287,-0.6302373459706769,1.0,-0.8388035779483808
0.16124526837356634,0.7694569513202147,-0.5330080500927799,2.369076567570905
0.3118374079521571,-0.2096971153884859,-0.8908182542826886,-0.8364362743648301
-0.3313427596305212,0.09890015310976019,0.0531720643978415,-0.17150899799489816
-0.797514913484568,-0.8195631823815945,0.7789129653195122,5.3296210490695906
0.6461393729363789,0.40528385177325066,0.26095051257536217,1.6508374862581527
0.7291115279656954,1.0,-0.7266919690219305,13.304549467331928
1.0,1.0,-1.0,39.247095581387406
-1.0,-0.7656927887336262,-0.707977922131612,1.9286833827743088
0.7787652546816197,-0.7939361166115992,1.0,-4.992124075688071
0.16607806035955353,1.0,-0.8138210201664793,9.857989577165942
0.9818626506012482,-0.49403631325855324,-1.0,0.48043872797639525
0.7846896518670738,-0.07216164941281988,-0.6864579372970394,2.8184059467051226
-0.7905131758395467,0.4655831764839231,-1.0,4.403916654611408
-1.0,-0.9352189311376253,-0.20840348595704072,4.398269174802596
-0.016079646322807672,-0.5295481960894739,1.0,-1.4389795500959621
-0.7699653061969456,-0.5673228929227063,-0.577658331071391,1.125436699550704
-1.0,-0.9814706821260126,0.7488407865266571,15.71828700746287
-0.16645165539019535,-1.0,0.4857488450509686,1.2118765163316014
0.851915244741204,1.0,-1.0,20.16423521565035
-0.3287350659874906,-0.06165330635334332,0.13493747918857624,0.16657529663800041
-0.6531771450904078,-1.0,-1.0,-8.025444559514167
-0.5190889767778994,-0.7962359889863297,0.1848919363455368,2.54593781511369
-0.8797113095483486,-0.5869895205555347,0.8150370069727066,4.172884904618358
-1.0,-0.5568074677172921,-0.2101360611190426,-0.4610519023132993
-0.26004711309910644,-0.42755154938203477,-0.21334078321992833,0.3199479573915591
-0.1488795131181837,-0.7917860930177176,-1.0,-8.672984918728945
-0.5606274834879486,0.375004959446922,-0.08295425516390065,-1.573786926418745
0.1426220439507544,1.0,-1.0,4.40698250084293
1.0,-0.2067713510730178,-1.0,6.505918535272265
0.4282078232364903,0.9197087193405293,-1.0,1.682206992818654
-0.5910627372128971,0.34104891798424974,-1.0,-0.32148771736443454
1.0,-0.8101600173551331,0.034564004002667126,0.7220486530854753
-0.8476115784297553,-0.396078916325735,0.42531227790566195,-0.018831855045063045
-0.5099178078293332,0.8259698847725587,-0.6642468607681824,-0.7942657683687797
0.5274338946072972,-1.0,0.5158398984058492,-1.3133698916976329
-1.0,0.8225779271714224,-0.8991763874466794,13.794590359961557
-0.131514529590242,-0.08420221139080297,-0.5211442745882324,0.08964479929033642
-0.33583945917531977,-0.009142881766017519,-0.09390218981293663,0.07303613511913001
0.07913607400253242,0.4376665741192505,-0.9275854669237185,-1.943523323964617
-0.3030657805980632,1.0,-1.0,1.7161492050394853
-1.0,0.20979287489226595,0.508512311574242,-3.8176169006547265
0.24931884305912955,0.406565073643925,-0.8537708595805007,-0.5780196262810261
0.7233975305054825,0.20275169407907323,-0.592922275433343,1.55005400544782
0.19840426772175657,-1.0,1.0,-7.6091365867630865
-1.0,0.00010264618872879439,0.8759318633701085,0.25746326093079314
1.0,1.0,0.02941209054401206,14.469199251791638
0.35730338267452333,-1.0,-0.7734841677658595,-8.402236745302167
-1.0,-0.23336613349711044,-1.0,7.650150532134457
-0.42849207321980276,-0.28012409274820693,-0.2501029276048863,0.21722744642669212
-0.007735834690935528,0.010823699481432136,-0.1600882120103142,1.7678193240521465
-1.0,1.0,-0.5225889115636599,12.39481245376264
0.36636636804371103,0.1852425933949855,0.13961835239073683,0.5321608032915661
0.2222604158065229,0.2680442088169541,-0.1575804184105709,0.23259229382429658
-1.0,-1.0,-0.31076870900556886,5.5455468989551076
-0.750966752032779,1.0,-0.2578382770484047,5.224580362845919
0.6508215962054014,0.7822056093928302,-1.0,0.7733216284084838
0.23897985172088743,-0.0014184663051972635,0.5381372596707292,0.30626195534147455
-0.2312939774436511,-0.159749790342107,1.0,-0.09089425355067321
-0.6852558659144501,0.740085342272554,1.0,8.183435990508286
-0.3605357462044021,-0.49866240846152277,0.9551021412743996,0.4037498361499764
-0.7726885360815139,1.0,0.40773588983634923,3.4289002590017774
1.0,0.7350819290937318,0.877031443292974,19.837618609743323
-0.6550067694601673,-0.7193519404453166,0.6079092328955502,2.2148242240478715
0.05402331043805586,1.0,0.2828106513534505,7.750717095814723
0.3378471157933429,-0.24853530982810734,-0.033621306069175017,1.649426437169298
-0.9293751091205202,1.0,-0.04909284353632315,6.03860765785317
-0.8795222680641397,0.7934028886765219,0.5758803925513114,-1.8684530408001538
0.34538520456109323,1.0,-1.0,5.386968307404095
-1.0,-1.0,0.3652773054024032,10.567474095209382
1.0,-0.2110802670705445,0.018027309727101093,3.686099039865326
1.0,0.7667896898602997,-0.6232918637540203,9.297166067864786
-0.13709630192270028,0.02934189122458597,-0.08617393558406028,0.36082396502253256
-0.6395321220840313,-0.4104642213069969,0.028945720564589994,0.39290176597949106
1.0,-0.3640845433957154,0.21766746255473635,4.17098540900886
0.3385295704446494,-0.3657622304235786,-0.40175290629113647,1.4366458486825566
0.49008289011420847,0.3309430907259254,1.0,2.307082343342591
-0.16260168448560997,0.03009042664044892,-1.0,-3.4053299890690916
-0.294352511963623,-1.0,-0.5042181628230122,0.48111754575964827
0.1310696981539301,-0.7619109466932776,0.004826758076858173,2.330352664298603
-1.0,-0.6024065959382647,-0.9277972396249008,3.5287586131995297
0.9105109336240262,-0.5891385034990211,-0.6737346618413771,2.3272614748379374
-0.6872987886077002,0.3105899855665555,-0.33652583429553373,-2.3221408184963597
-0.8721091229436362,1.0,1.0,16.313225078493932
-1.0,-0.49052003895491936,1.0,8.600622968784384
1.0,-0.9777203890767632,1.0,-7.719875154203367
-0.05580963586470711,-1.0,0.5958516698672685,0.5151120910761232
0.13727058264388048,0.6416664149230562,-0.2734594137877928,0.46705900219805685
-0.022654290476357142,0.20030024338527808,-1.0,-2.98842804300252
-0.3283855902432513,1.0,-0.506941180081073,7.93006679597249
0.44408600585410585,-0.16319333384266743,0.5497074020732173,0.8483308570805406
-0.1697830151047146,-0.5165345786320734,-0.0723087212716036,1.5139589926323591
1.0,-1.0,0.7071092266774741,-6.662925679616718
-0.006982989179990184,0.33699762036061154,-1.0,-3.75771162102585
0.010579768246965715,1.0,-0.8482011434733956,7.998107274241676
0.2297815650691657,0.8331213639645498,0.3535942692807901,2.2841056179982395
1.0,0.1806388997067403,1.0,15.602296478784194
0.06782446752688376,-1.0,-1.0,-17.89518608583349
0.7268045135125736,1.0,-0.33686501674440916,11.169767741994722
-0.5174162795255397,-0.12402595824615115,-0.09941953892232647,0.23990028680755127
-0.6458665434464088,-0.0488881558462686,1.0,2.7128930865159875
-0.5341081635721705,-0.060157752865122927,-1.0,0.05741828039670799
0.5175735629062388,-0.9348924648971351,-1.0,-16.703811018347903
0.3715085705850969,1.0,-1.0,6.105004034769433
0.42125817076664074,0.288090835874766,-1.0,-2.1329890109587613
-1.0,-1.0,0.4948797860869667,11.792520695184477
0.8531184319711216,0.8366802683481092,-0.6184390702526774,5.910637111224887
1.0,0.4482087879608385,-1.0,12.283381833676497
0.35427284249039404,-0.859308987537774,0.20639523337582188,1.3716113563182817
0.3277689630249161,-0.6723009650524214,-0.8505407747364859,-2.7160385718465294
-1.0,-0.7052929118822628,-1.0,3.9132417436967275
-1.0,0.6672301202084414,-0.1372550950339535,-1.4779825922427037
1.0,-1.0,0.013150837899509549,-8.681624528856974
1.0,0.325216128963592,-0.5472568240990796,5.889032155868794
-0.6190873786768649,-0.9375667144467486,0.13542068167718435,3.701215139047
-0.03814059310341511,0.03855241373236895,1.0,0.1575781331030705
-0.5446700453855748,0.92511527113382,0.7951282828876112,5.474735626382389
0.13481901299835441,1.0,0.7719536076256062,9.411902135223485
0.25983032542389384,0.8387641096620853,1.0,7.024754796641735
-0.6132446288882614,0.8498120400017233,0.6282682580374288,1.7362040270184307
0.3188405406585624,0.49007716647908883,-0.2775592438387764,0.7132596107160414
-0.4774725570732752,0.3315725302229422,0.3867928104659937,-0.9562871626112502
1.0,-0.3743329934198192,-1.0,4.4876091277201215
-0.9102588692425366,-1.0,-0.7426219439375523,2.5922199927284764
-0.21031846459249515,-0.18511141943047926,0.028616171009527624,-0.3383148256627481
0.5754497299659087,0.4708906908424493,-0.5325714534629162,1.2601815734356605
0.13888315089616876,-0.17429058103770467,0.9793307189929292,-1.4125391417140303
-0.2746048746217127,-0.5293563813232718,-1.0,-5.058982403772926
1.0,-0.5979880143638734,0.2505857122861055,2.962863571980159
-0.13114374782108174,0.003906588138300915,-0.6786686347138389,0.21715654158666403
0.4708323894716522,-1.0,0.855053578054032,-2.977624573013768
-1.0,1.0,-1.0,21.764061197287393
-0.5039253464708555,-1.0,0.5387177278767417,3.101159480810919
-0.4718628006654275,-0.5629473061760415,0.09688311771387337,1.964809552843139
-1.0,-0.009960815376546472,0.9174622801188148,1.2246841438084768
0.26155574922490543,-0.04389397761925484,0.39935474215326816,0.6443887877510577
-0.4159438364072112,-0.7602520645282118,1.0,-0.33637586714806467
0.5681146218647348,0.021777695765978988,-1.0,-2.358014623228067
-0.6485296653734185,0.5068559295282009,-0.16230828812140952,-2.3466802511341145
1.0,-0.12448590746427146,-0.09767211957271571,3.8549118263629145
-0.7713869691191566,-0.6718578198194458,0.35077050068088456,2.2790468598707347
1.0,-0.16222734071822664,0.16230711372859563,4.6730016077236805
-0.05347992708003613,-0.2599007693845292,1.0,-0.3573393856448925
-0.5217838736500591,0.17012966099760796,-0.3149017008352195,-1.4419007270196404
-0.2474241285173071,-0.042598273164655254,0.6410100885793202,0.7127741333934265
0.891714893864685,1.0,0.945697687630664,17.1287522804089
0.8502924616961174,0.08073355303579355,-1.0,1.372562769334409
-0.18565441648753112,0.5751154201952624,0.10244311400729056,-0.681616509870316
0.6956170138912461,-0.00044841727757138905,0.5820604331749695,2.548439580829055
0.13300562339417565,0.05665273642998758,-0.15030258992961465,0.17748842772860773
0.36692356479094923,0.1508832156021509,-0.03253089326018177,1.2916071089974188
0.6704099513963531,0.38814645285645866,1.0,5.247584812302982
0.8758656930178583,-1.0,0.06441296343928715,-4.514289241128598
-0.23727792729515218,-0.0718055534037747,0.9197147523392557,0.5607533036991698
1.0,-1.0,0.026733532052154896,-7.734028054413672
1.0,0.9543681978499794,1.0,26.57553966960891
-0.6493094351534636,0.919539091828679,1.0,13.518243898507107
1.0,-1.0,0.18125670429029195,-8.247434493042515
1.0,0.3721981067819149,1.0,20.342610416959452
0.4460481416620625,1.0,-1.0,7.393545361501489
-0.350912219284365,1.0,0.7975065163696491,10.07851198710407
1.0,0.2680987041524818,-1.0,10.141986960676592
0.11926895825017958,0.7683002868688711,-1.0,-3.4036166490041864
-1.0,0.5116691830656621,-0.29844554846319427,-1.6058737411620116
-1.0,-1.0,0.8027948878322451,17.30381505629211
-1.0,-1.0,-0.27231459732714436,5.900306152890703
-1.0,-0.3638963453999964,-1.0,7.524226739520875
1.0,-0.045791603820289684,-0.6107056223597764,4.9269601689694325
0.173814286911661,-1.0,1.0,-7.463539538583786
0.01696575446383397,-0.7307508472133886,1.0,-1.9886536879866166
0.5935361234731682,0.6764527288863995,-1.0,-1.8095512395196376
0.9523913444785239,0.31775602098343425,0.10837248621288498,5.1816721185941725
0.013997437637153443,0.52827689907552,0.8114928423230834,1.4602765772294206
-0.03669913938310998,0.35322205001479334,-0.3902328435656297,0.5267552610735208
-1.0,0.3381872652275113,0.6373185936679362,-3.842405670553146
1.0,-0.14683917625072906,-1.0,6.8955335672743985
0.3421943297312402,-1.0,-1.0,-19.83159138102442
0.17945706430315833,0.20843413932192778,-1.0,-3.582085596423866
-1.0,-0.5393581791902518,0.3025598809509098,0.4173740356005871
-1.0,1.0,-0.14368547295667833,9.000098334478675
-0.6749786611648325,0.4221787058532731,0.5480826279862054,-1.3752916791866372
1.0,-0.6495195588853284,-0.8751881047457222,3.0545336939285432
-0.32797788214253165,-1.0,0.22387328966829134,3.530103540608838
0.584681654076832,0.11607207969146627,0.28909189705024163,1.2717350173896118
0.035334259911366406,1.0,1.0,12.655568630038037
0.9448216885341953,-0.07031583915110118,0.07182317082021972,3.824052201868573
0.39866623725171935,-0.16977903799229144,-0.3051090509221954,0.6229543066446485
0.19307211453058737,0.468627489520244,-0.6135378431261311,0.344932194023056
-0.3599188783871361,-0.08071757409356684,-0.5716492641077966,1.009426792734549
-1.0,0.2198381978868369,0.0005620138233513039,-5.004591502694428
0.24352894443977235,-1.0,0.8521710129177247,-2.7441168443649886
-0.6653249006944211,-0.34216734486477396,-0.46743440436611094,0.7235306045212637
-0.13898035461991443,1.0,0.6806380076820522,9.338441636997526
1.0,0.6367170136924261,0.655319548422918,13.235653800085547
-0.972701483519117,0.13237917702424684,0.49363008711090606,-3.2804903945585906
0.477237781877204,-0.4993727825512968,0.030120090724272686,1.334720672329239
-0.5567287935584526,1.0,0.13659173497518218,5.1381032236988
0.3299396574436406,-0.9943589167849705,0.46296800863825593,1.2335017281324299
-1.0,-0.5694988846634501,0.5690466827860541,2.168609904095765
1.0,1.0,0.9333569163640107,22.527234920093857
-0.6647388241580048,0.1924226472690429,-0.7468259119306238,0.04835875976137484
-0.6179078999315215,-0.015104269102650614,-0.15717244638198924,-0.8907166706356537
-0.8125967161950736,0.06846398100085405,1.0,2.635077848225425
0.9462084642311397,0.7038611854144914,-0.06831560458813746,4.629917421521322
0.12881879995227785,0.4104652744267583,1.0,2.9223264975494745
-1.0,0.4017846173427957,0.5655191702847353,-5.2067624959868475
-0.9165585491736314,1.0,-0.0916603049772351,5.375907719165232
0.6478204882594083,-0.39824931015291054,1.0,-1.8078459152532305
0.2806918437173265,0.5228660189893573,0.004853139072636514,0.5333734766561568
-0.11239403266680692,-1.0,1.0,-5.8250797347906875
-1.0,-0.17980273371750588,1.0,4.878526762711738
-0.26511260102848566,0.936298032467126,0.6821307554684182,6.26671978165957
-0.692063805869557,-0.13206894516702583,-1.0,3.1835965948768257
-1.0,0.2816751530368222,0.554361985481294,-3.8000633982486223
-0.7433398937394149,0.09566693067859888,0.5118918082975281,-1.5393842481701607
-0.09399763479045231,0.6971476975105437,0.26856051190122465,1.1746012198980704
-0.8059810681065258,0.1851520742703643,-0.5230263156590742,-1.2635307419312334
0.5858590941643977,-0.17660596077512247,0.05862374505327028,1.8778002410105537
0.8176310902299082,-0.34797337806897644,0.5215268741099066,2.9713835313884425
-0.772168351489156,-0.02257843048738528,0.9824255318256365,2.2334011006537344
-0.2427950618363195,0.8389211811476978,-0.38065560129242826,1.5057690481438544
-0.7024708347996045,-0.7491394654869177,0.09062608047838716,1.8791429650861708
0.12949951773884139,0.35932459508629067,0.3402053538652867,0.28643832395987906
-0.24941323684989558,0.3508250196815068,-1.0,-3.2745467058554127
-1.0,-0.8814315947509381,-0.16572067635986842,3.995942111066513
0.3223307517994203,-0.3465772932805229,0.4349183699724315,1.3024673092143637
0.19542448508933163,-0.810565559398617,-0.6119551324147137,-0.5099859946296519
-0.8110211877012705,0.14838825905712216,-1.0,6.518981407447252
0.18347226026659502,0.0719457631016609,-0.2434134120799516,0.398885074317343
0.06909820768706343,1.0,-0.03237036394428272,8.587367984435083
0.7048340605556154,0.3461544711025424,-0.23556581002109267,1.5775688189395525
-1.0,0.7053657747608943,0.30866541523781343,-3.531115140581344
-1.0,0.610262127262998,-0.1436032312862754,-1.6309205905249917
0.12537404623574933,1.0,-1.0,4.028659156595642
-1.0,-0.026329728137282293,-1.0,10.763156296471779
-1.0,-0.721420112325458,1.0,14.189742388399702
-0.3185994517367845,-1.0,-1.0,-13.95540137757876
-0.209473458594291,1.0,0.30618747728314344,6.562332332833662
0.16378908559635863,-1.0,0.25466038083135945,2.1644488006882643
0.9414197219600682,0.8276194418282876,-0.8191795477351287,11.78834093583408
-0.2507304850613554,1.0,0.7590242256884798,10.108191023503865
-1.0,0.47197213492810786,-0.3460401265752122,-1.4455605180973392
0.42722112205806284,0.9103901488074437,-0.10127245785838879,5.211301039879184
0.04122356657922488,0.44326821706313546,-0.17221762360993664,0.7190803163316202
-0.6826807267798438,-1.0,-0.06962027141303939,4.744286642821736
-1.0,1.0,-0.9394927023034461,17.440257835135025
-0.7468755159638949,-0.4254326875410688,0.6904695349301329,1.028689703938387
-0.31431187885886325,0.1705089664321553,-0.2624906872185535,-0.19218469631639373
-0.7118421436089777,-0.9142759118141495,-0.02917760615914622,3.5719196406304508
1.0,-0.2769872019836366,-1.0,4.355319799888062
-0.40189219990292346,1.0,-0.34648035204063676,6.705034305775708
1.0,1.0,0.3910315161140998,13.122574227614852
-0.1271899745013012,-0.7974891810921332,0.42609909040640903,0.8397184387279837
0.1925488983035626,0.48083970368466256,-0.10360541181669558,0.6566651396628979
-1.0,-0.2425743824930353,-0.7448933138561697,0.3914888940496041
0.5194199483387509,0.8658703393835605,-0.6776991663332368,4.567027957868328
-0.6884380636091854,-1.0,0.4146480406244908,5.640292346385513
1.0,-0.005849035636097177,-0.11027629479231082,4.271318901093974
-1.0,-0.8386238210401271,-0.2240597548522658,3.185647189005037
0.5469626274080808,0.734048283709992,0.8772031339106658,4.737502556143001
-0.17092375987421593,-0.2789869856100067,0.6774950948614509,1.2247103462517395
-0.17418065272887007,-0.5736066434400462,-1.0,-6.012753921702734
-1.0,0.09375021301578035,0.4130078114630127,-3.8481596703716456
-0.31937001609000815,0.3565369911830194,1.0,2.5787426497347967
-1.0,-0.05229771130956351,-0.10201005513313777,-4.307699882658677
-0.528918876385398,1.0,0.8740376978414472,10.961998849734162
0.3247929988411007,-0.372391506411869,0.46569451454070054,1.2810395680463142
0.743068145312141,0.02717678634407905,-1.0,0.10833412663126385
0.1726425997399319,0.19074385772833646,0.4039307109823016,0.25365529604589276
-0.4195998128765033,0.3621158309725958,-0.44309689747664716,-0.3727706258286625
1.0,0.46210604494335783,-0.16563371384128378,5.737348062223553
-0.027068684805380272,0.11039988278254387,1.0,0.7052922044686979
0.37621766285239455,0.9357103745914419,0.25323245270443295,4.50287972317159
0.856939016393103,-0.0731964289687268,-1.0,-0.19921515605322315
0.3579495787791285,0.17747955538894677,-0.5655182256874263,0.9403365395854357
1.0,-0.40865607591316633,-0.09176913283896537,3.678033301036909
0.9229424212878983,-0.38522733588505464,1.0,2.804127785873752
-0.029942076646648053,-0.0331797738872559,1.0,-0.1134348693834421
1.0,0.7704035624980858,1.0,26.016767995191564
1.0,-0.052872558068768116,0.6841034815751343,7.0946143726019635
-0.4208872311624936,-0.9521888847624194,0.42277275020463545,3.075918016262122
0.8190941858479455,0.8623425386316887,1.0,14.498699212171331
-0.06610834420824552,-0.2562941015436744,-0.35053461027035704,0.816238028912491
-1.0,-0.6343797010524683,0.12921746202155604,0.013573850776909424
-0.7631336001198208,0.4470204837089822,0.22366394011194468,-3.502918393923427
0.2653671397348363,-0.08331038842522753,-0.2276369608380604,1.4223141029806226
-0.19617303758623583,0.12284234882443168,0.005374736981507144,-0.027979679930382556
0.4246898119860958,-0.4722568771136362,-0.4936399686849262,1.7644552233899928
0.4069040150525758,-0.34158875094611996,0.4751856711881104,1.372066634294874
-1.0,-0.6986483938862966,0.25054160909455914,1.6709939344283986
-0.07008224360036697,-1.0,-1.0,-15.892118688606566
-1.0,0.5482721920244684,0.39172084052535583,-4.527475250543276
0.7847475034264424,0.877686585573358,-0.7403938190886226,6.683751211004495
0.7090211045295467,0.10589678957138315,0.5782265322869675,2.5322860535951737
0.7939961204258079,-1.0,0.24436243998979323,-3.1755588165735467
-0.3532735683205197,1.0,-1.0,1.419469142160064
-0.3152569055083472,0.4577207542683537,-0.26658531506925587,-1.1706890119924545
0.37492403062603685,0.08846839104916016,0.18285236707092967,1.0855917159807962
-1.0,0.6134684416073211,-0.3398419810133795,-0.7098736418282148
-1.0,1.0,-0.0359996005162746,8.008860796211195
0.8024901821582415,-1.0,-0.8332230460999568,-15.870876216140287
0.2866969962761803,0.18230300672683386,0.061743625640618305,0.9770860436514266
0.03448926030717403,1.0,-0.9188880146180645,6.390430580770007
-0.32190536559053284,-0.6286448980069037,-1.0,-5.192003523637671
1.0,0.8870918235397018,-1.0,26.346387349863225
-1.0,0.2766900524739415,-0.27604106186700084,-3.3234212448283538
0.4582369143768661,0.7403984469153988,0.40684174821314034,1.0313484006796318
0.5457658161363172,-0.24272738146256434,0.3484179500619289,1.6612697950100128
0.034348067283380024,1.0,-0.6957094172775078,10.271365777749523
0.882903022139125,-0.6369058869059336,-0.6729307063279997,2.109252500716462
0.8940577191493282,-0.6646494891835439,-0.3690961536657795,1.781339923958266
-0.4345043400696236,0.7679427107495378,-0.7993902815463303,-1.457969266621465
-0.08667009949026361,0.14758123100424214,-0.6648074750247637,0.2477900215914948
-0.19208289146721458,0.17294092456224086,0.6146230772992272,-0.23032358728056146
-1.0,-0.6763194447153458,-1.0,5.455480470906537
0.34436938054663413,-0.27358367008253515,0.7379171026556595,-0.17896189920404776
0.808982031226418,1.0,1.0,14.690885380549194
-0.4591012940232244,-0.3317631896713946,-0.5030544316565357,0.6489273983541354
-1.0,-1.0,-0.030139856045143798,7.01352268290077
-0.08480864665857868,-0.2128110643469081,0.8304384845734245,0.22064566272030534
1.0,-1.0,-0.3997071224696458,-9.588395428623105
1.0,-0.35376775572040686,0.8649087642849962,6.41900989810221
-0.10841490650310237,-0.08973828692511598,0.4566491583912573,-0.34784250832757574
-0.5041165628508784,0.1772932913370886,-1.0,-0.6107976156418289
1.0,0.2814782115129759,-0.17323632325158544,5.184426393601327
0.3478021476350832,-0.798883497856314,0.6667682757814808,0.14060895129812054
0.3870999663701269,-0.4730707523335298,-1.0,-5.393883024107595
0.7917866838473173,0.37888941566345413,1.0,8.890521787490423
-0.008736879710206535,-0.5613155687724962,-0.048789694138381856,1.1099612849597507
-1.0,-0.5094296860263743,0.2750173800299669,-0.41895300865449564
0.13097975463818257,0.7256516800467547,0.6272276890144841,2.2869327026248825
-0.3275719952034122,-1.0,0.5368938500024438,1.496849633821454
0.2737987686351071,-0.006701291220438055,0.6276726796016092,1.4175357827248303
-0.2620484915019088,-0.2855903491425893,0.949906450522753,0.3806969405022268
-0.8200402895878951,0.6744154917998408,0.5406237053786445,-2.562787865470813
1.0,-0.6613914215136945,1.0,2.012275046289318
1.0,-0.31643304378284465,-1.0,4.414039643279835
1.0,0.5565759666139349,-0.4859302853307186,5.665930344028793
-1.0,1.0,-0.0747417595056814,8.147996277365964
-0.5679443764237966,1.0,-1.0,0.5073894449057663
-1.0,-0.11697474537363983,0.07761060966282018,-4.322509238045214
0.24647515817167642,-1.0,0.430099222771986,0.6168637542742804
1.0,0.36180442025404913,-0.6784377049922514,6.51484127281663
1.0,-0.4048337404627598,0.5830251741558548,4.923215079749409
-0.4490872613865591,-1.0,-0.9212023297038732,-9.340026510335763
1.0,-0.4245427573554359,1.0,5.762487575394589
-0.20319383019768145,0.9724363945829757,-0.33045721396292405,7.265668515491965
-1.0,1.0,0.6718386682125275,1.2927350535491993
-0.3066538550558138,1.0,-0.2577332061030715,6.861125376650655
-0.24420347999593472,1.0,-0.2792821879274552,7.552619400907917
-0.25534687371813414,-0.5548560185066849,-1.0,-5.317427003337972
-1.0,-1.0,-0.3754079590903854,5.938081983213407
1.0,-1.0,0.1741202087732232,-8.302580296721914
-1.0,-1.0,0.6539213195011992,14.789628305341182
0.322537742770288,-0.7219970081647371,0.9938835600713014,-3.4842876444930377
-0.4163365492732558,-0.5318160445507212,1.0,0.4452507460759324
0.4249868220498936,-0.5941816938439355,0.4260671997933476,0.9517172309277203
-0.44837645090833034,-1.0,0.6269067102089207,1.9307339572504898
0.7978457235672485,0.08134997114915965,-0.9668908954551478,1.2536372198054995
-0.6070773322455447,0.1501037432639729,-0.25831247228940746,-1.2381854280915003
0.41442199330851537,-1.0,0.8275543767363005,-3.763959616760055
0.21199167069979863,0.8491590215521816,0.5227678402082165,3.006374119597599
-1.0,0.47903846053664223,-0.33223586424325835,-0.9131712622900279
0.5701639204424185,-1.0,1.0,-6.857036365568593
0.7733399312637044,-1.0,1.0,-7.633771575152162
-1.0,0.22968832945532225,0.06869152622317465,-4.530691546348088
-1.0,-0.06213466239365939,-1.0,10.085016621851446
0.30814061604289966,0.7093929238522898,-0.3294633592935625,1.643328956543597
1.0,0.611157319576648,-1.0,14.21610559629887
1.0,1.0,1.0,25.752711080016617
-0.011987708314770362,1.0,-0.9312243392651578,5.568446911953961
0.8781328677968063,-0.9610826471831528,0.846648256503755,-3.9233872030978234
0.4017754575751171,-0.39585709408305414,0.31936157327397474,-0.031010262190239724
1.0,0.17179690554589455,1.0,15.893597371250387
-1.0,0.815430458073914,-1.0,20.11748667809465
0.6059575729115385,0.3381335582787246,-0.3957499622079699,0.3295449845798092
-0.5299927229251045,-1.0,0.05387096385730428,4.843988658310379
-0.986962753701301,-1.0,0.2162715284381509,9.672975700670467
-0.7692147092707671,-0.16039988034665909,0.8586386266160546,0.04373705324605581
-0.07268826248177263,0.06465512722935673,-0.4306448053291998,0.7600617272358797
0.9102041566672596,-0.19582880523360724,-0.927249058023073,3.6191762064868103
0.2713417317591942,0.06819243688150922,-0.25197431935623515,1.0098123281100888
0.43052695603715163,-0.46525356364246284,0.2781518866421937,0.6669411592932963
0.3812193202254919,-0.7138463887737272,0.45531471405595103,1.1005095637004596
0.6569927681071155,0.28416732504546105,-0.36231586996513987,1.115543663291536
0.2508442501968786,-1.0,0.576181125373431,-0.33931573377393054
-1.0,0.4288150505703261,1.0,3.9052465702918013
0.6010974461293783,0.5243255389193449,-0.561101743329975,1.0009218249875942
0.3269179657125716,0.2656092528192977,0.9265684539229468,0.3088043262722933
-0.2446315689326377,-1.0,1.0,-5.257960269108437
-1.0,0.5187790866033326,0.3546135078736863,-4.891211737002288
1.0,0.5969576336228932,1.0,24.55352547148369
0.6299232098580327,-0.2942723909816014,-0.338763625593012,1.1850966657841029
0.05920539724786078,1.0,0.9556757568867458,10.642881255096805
-0.9628643247077884,1.0,-1.0,16.88842348592059
-0.4424502795341738,-0.42245458365600563,1.0,0.9716625276158715
-0.19942592214257693,0.9732925431543598,0.8038386230980077,9.617688868769063
-0.037641376838820406,-0.5314992081555476,-1.0,-6.074352981797298
0.8075493485417473,0.6587221942303276,-0.6593905295768316,3.0656909503451515
0.046454861362059896,-0.18434963527677906,0.4814835764084464,0.0987004453328828
-1.0,0.34856372181701123,-1.0,16.383031092583817
-0.04759138731387802,-0.6033081427459197,0.5088287335317188,0.37536811760512667
-0.7530047966596758,0.050484484706084576,-1.0,3.272999723911953
-0.9084944113771045,-0.9543100849805415,0.1019429631367601,6.809120879942387
0.07883364683864569,0.5247144023571246,-0.512165503920136,0.6799603663313273
-0.20403744557918513,0.8847053038764012,-0.5880012193739186,3.348873492561679
-1.0,0.10110455160799692,0.13023657068941352,-4.176942514695239
0.151526567331161,-0.5797839591742551,-0.44411057161793654,1.0598849287790717
-0.22021861120918618,-0.5118586546728487,-0.17392605450271081,0.8870893356613418
-0.050768255292943376,-0.7599378646399184,-0.37769846499459314,1.6268288103398525
0.9063340767087893,-0.06540079389312625,-1.0,3.0564519295252195
-1.0,-1.0,1.0,22.39574720785698
0.1358076960411272,-0.5110754876420849,-0.6885435269599403,0.41582089645140846
0.6735430495757471,0.5454503857979776,-0.5275670971080821,1.1942050621785072
1.0,0.32282136914288784,0.3689488359241633,7.56042060799243
0.8121844106041625,-1.0,-0.29212081149587465,-4.8680103856306625
1.0,0.5554812666321509,-0.5973805558384058,6.005929394386773
-1.0,0.2930817374545567,-1.0,14.453329105847194
-0.3537984918069692,0.27131665102826585,0.583475741079752,0.09808745379441808
1.0,-0.2330815479510817,-0.8462617792915976,6.577544116185755
0.7999820087291263,0.6308136093436902,-0.5168865075607743,2.2248226116966965
-0.7944431984093276,-0.08440695455511382,0.14703096963612716,-2.1440008073252765
0.26193996024452715,-0.07860781406432404,-0.6729404658703562,1.4363219956118558
-0.7209549376435538,0.0880825673622414,0.173995654988919,-1.8945065779134427
0.04052384763030181,-0.8138735051349804,1.0,-3.777460815713791
0.031128031572353,-0.8725751779358693,-1.0,-12.07448649449064
0.039708284274682315,1.0,0.011630917937756058,7.88825831131383
-0.9970426335824703,-0.2836573329093883,0.7485333834846168,-0.4073179570572074
0.9018126804398994,-0.6884446027687845,0.5809332588364584,0.6349734411352075
-0.9897532692828985,1.0,0.29596009812650026,3.8175956110112925
-0.10251276544426013,-1.0,-1.0,-16.578497594912253
0.3345472546391497,-0.34751084090602413,-0.7274738744557816,0.8825067812302926
0.4231535527434269,0.17565272080666183,-0.7685834682727475,0.8119721164378664
-0.5051879935964749,-0.22005968158150635,0.16232315500583638,0.06984993464762929
-0.6492691836563442,1.0,-0.5257517541035854,4.72808726680441
-0.05056516771285846,-1.0,-1.0,-16.21507863578175
0.7119132039174558,-0.056727098333131165,0.6819651832142979,2.4049274280104043
0.42221183129204953,0.9239096989052058,-0.6415967957139093,6.779807918734203
-0.6894840171825638,0.5184028825941187,-0.1148498925023631,-2.0585725970623256
0.5392428796874087,-1.0,-0.9579460641661266,-19.00393287973117
0.0834393422831099,-0.49601700284859485,-1.0,-5.885108946865255
-0.39842653045555254,0.5354426466213367,1.0,4.913088613429833
1.0,0.3374432168692858,-1.0,11.033295164733232
0.4981618562737651,0.03725516710993615,-0.7063246631382865,0.874792653993659
0.03508226409149384,0.6900483405873372,0.09324177823804947,0.7225454083045517
-0.10200431706221691,-0.851723633561934,0.04408610319185424,1.736334615724433
-0.17900556609681484,-0.270940113134432,0.5719916913864722,0.5095807869780118
-0.5376834964468542,0.35180792292691665,0.8696877383300232,-0.4968363271029268
0.5916173240284504,-1.0,-1.0,-23.121060515913232
-0.09259518213691464,-0.7458285279910217,0.16534286070529047,1.0406859971520834
-0.14171468511575158,0.24897899156136138,-0.27426809934758856,-0.34668022228795325
-0.19546909988210248,0.8757471519399611,0.8019584246584426,5.7405633972109
-0.19730984661019124,-1.0,-0.22942142949628042,3.0567331130045488
-0.14519283859521703,1.0,-1.0,3.2072722640729996
-0.3584985678822481,1.0,1.0,15.93028356458747
0.5532902877179373,-0.8772424598993542,0.7990013510742862,-0.4897205796516272
0.03431999418101772,-0.913510354771486,-1.0,-13.877479234045849
-0.3821785994272804,-0.5921511631158585,0.8711586305709289,0.6327762810454114
-0.07598555011943242,0.010823528517819092,0.09072499131987088,1.0142410158318031
-0.9251704599966462,1.0,-0.04379525110410731,5.995036867670148
0.2748091860474111,0.11476172062102141,-0.00690205174650349,1.160170808837196
-0.929574935149357,0.13317058831169715,0.1780917204537178,-3.130924719765555
-0.36296009913176897,0.28827071635538504,0.6001626650040597,-1.176431557094252
0.2524929845213142,0.5688756693122032,1.0,3.88026297352392
0.9150425781127449,0.28336408944779845,-0.10256136760581125,3.761282515573775
-0.5666975552357378,1.0,-1.0,0.597254603797228
1.0,-0.6462188319196425,0.1780453916577318,2.89411774842798
-0.6201577468747241,0.33164077752342,-0.6248619082676512,-0.9208136756979948
-0.18463982221975095,-0.03202432368156116,-0.37537538509306034,0.9001350882252422
0.0545651889657206,-0.30927800011568896,0.20098133321596157,0.9699606184451137
1.0,0.7367663354729463,0.4159420102393352,9.92359964092762
0.877317369977451,-0.7633078992052056,-0.2664740728426862,0.9845429558699863
0.6521804640388642,0.6404195315183039,-0.26858705841290664,2.125298307774435
1.0,-0.9508811735272624,1.0,-6.750433996812476
1.0,0.8607274595123968,0.19353860465351436,10.075985036791412
-0.5140582671322196,-1.0,-0.4090568311990419,2.5054637816547434
1.0,0.5007485604659301,-0.08069954319574224,6.3411946695928645
-1.0,-0.23991093675060182,1.0,5.531143144159992
-0.49133878313459767,0.6289880760664883,-0.997981192103893,-3.121542687049121
0.619624767748935,-0.8517794304861512,-0.08110336216168723,1.1941003857734147
-0.7121218006786132,0.4355740635268963,-0.6748187936331809,-1.5083288336891083
0.6192887145982655,-0.14294438106683605,-0.46867935066253685,1.6002495150536231
0.7403186924106735,0.3644525356378734,0.23928313895228825,2.0017308652915564
0.2630591824137949,0.6296908870560551,0.08178740235552628,0.6535381192065672
-0.6385131340470662,0.5980078232283628,0.9844103573879885,4.400371207285639
-0.9362856896877618,-1.0,0.02540001168810524,7.424536306668788
-0.580882840500972,-0.24499854201336935,-0.4920512663562402,0.4515876126576506
0.9007813383836276,1.0,0.042688162692997134,10.644273759597205
0.20752979357750578,0.044510610079651736,-0.5341753981887245,1.5000198229463262
0.39991739693483885,-1.0,0.16481992677985113,1.5283780916305973
-0.10703549718110761,-1.0,0.4545236499419556,1.0883211124563612
-0.5219101743663843,1.0,-0.507277370179493,5.635720042667508
-0.8380074078050894,-0.48266422617387983,0.38008099128763373,0.5662601927270094
-0.24407380937158685,-0.1396805372261598,0.37053325556342576,0.5250240214824305
1.0,0.08858356500849163,1.0,14.227484248868784
-0.27364297793359804,1.0,-1.0,0.771658250130633
-1.0,0.12232137435963697,-1.0,12.71016614415881
0.5295530675038438,1.0,0.4208285293787337,7.327521204997635
0.9809553144002676,-0.027889325977560553,-0.6092327501371171,4.582862874630307
0.012384688097634822,-0.43384832900547154,-0.44368408039685225,1.7132278727791928
1.0,0.30974516867699564,0.5055585716983342,8.687923557606862
1.0,1.0,0.5448328187072595,13.821007139134384
-1.0,1.0,-0.2957303510651168,11.580714584921475
-0.46155042668968327,-1.0,0.9217848238220996,-2.302024320575571
-1.0,-1.0,0.05623907155737706,7.636692401749731
0.3142811152373737,1.0,-1.0,4.949725816591872
0.25614739284355226,-0.0190598569539997,-0.637247043917641,1.1777978082320906
-1.0,-0.5205722540519924,1.0,10.20684687781301
0.2963303766831402,-0.2384676702187405,-1.0,-4.087148639552274
1.0,-0.2922453466312005,-1.0,4.929953052391747
1.0,0.9057416799410187,0.47418377206432494,12.39886017230681
0.8002652218126485,0.9506073192488793,-1.0,12.887835196274604
0.25730118104576905,-0.3605464955470852,-0.552735460548397,0.5494930933266448
0.5231018123528641,1.0,0.08846044936005648,8.075888128861948
-0.37495576497744754,0.26361834590680044,-0.10443311765905672,-0.05255666039272544
0.11296940960404678,-0.7137749762768502,1.0,-2.6207693108410326
0.8188834285075954,1.0,-0.40586627540044895,12.160034797471692
0.4543615670046153,-0.4117615111347501,0.43189582688210915,1.161865402094219
-0.1818052626679747,-0.12458032092117866,-0.3078399098558049,0.7279761925543855
0.6883762288584054,-0.43144856879397375,0.25234424558404234,1.1800661002993484
1.0,1.0,1.0,26.268795858126897
0.7800374655766398,0.13397985011312885,0.04969013297000102,2.2796495067013742
-1.0,-0.8232145511832569,-1.0,4.306553991442575
-1.0,-0.4888083286977143,0.13013436816343993,-0.6934128924650411
0.8442610266418538,-0.8805401319477095,-0.8121872766668357,-5.543710857145782
1.0,0.4878952237093881,-1.0,13.107261268276469
0.7210886047606957,-0.002498651854809353,0.6240851560213274,3.2369779912982777
0.033948021716045274,1.0,-0.838002421710027,8.584637565607956
-1.0,-0.043690279040058844,0.1349997672673302,-4.665904033703282
0.20587114452609123,-0.6712099783565919,1.0,-3.7895914760453824
-0.7074635070899393,-0.2100101175607445,0.41793942095224157,-0.33601361144751835
-0.6721371784667263,-0.05203676389762979,0.8409862898521987,0.14833430375060605
-1.0,-0.20472187653979246,0.77458807318592,-0.48941444058559125
0.37233385351342574,-0.8873622538057702,-0.16601218426888686,1.8191107433996527
-0.13363702545685552,-0.04111554894147118,-0.46820174131232895,0.08009318047623037
0.019613892117880338,-1.0,0.9635341475216574,-6.295196497237722
1.0,0.4550075732907055,0.5943134918774149,10.148392013220656
-1.0,-0.6939006663362746,0.6707677979141407,6.241130020875761
0.041793768791361874,0.6418532253116884,1.0,4.547268054882817
-0.8978482027630537,1.0,0.636975510839846,1.3755082364193294
-0.31511772238579017,0.1508990474532299,0.6577105894553992,-0.4629301708568633
-0.5014005917159454,-0.7813332602667298,-1.0,-5.976742058291984
-0.27056509234424087,-0.940463237035849,0.9575197456741829,-2.874230530378052
0.48328078164560684,-0.0405609995946008,0.9629681475139047,-0.1647712681492175
1.0,-0.3116303022037539,-0.5446926658113396,5.436703821443666
-0.8236431279742928,0.8330961071987895,-1.0,3.454213710636242
1.0,-1.0,1.0,-9.207346661649169
-0.992061047443773,-1.0,-0.5904819889493904,4.997415507470303
1.0,-0.41041031947728124,1.0,6.22033928924039
-0.19432713976621918,-0.6957910885803225,-1.0,-6.911473834746606
-0.009502554912201422,-0.5511382395583189,-1.0,-5.483887116169436
-0.48271113616357586,-0.48184660458785067,1.0,0.5116855662585572
-1.0,1.0,0.1275206304215981,5.69662027411427
-0.25243823081589745,-0.39246958294870593,-1.0,-3.6172727278697923
-0.12015287228247185,0.5326433120879024,1.0,3.34892489574397
-0.2162036444837534,-1.0,-0.8484410859710299,-7.527149774792953
0.8940549388433943,-0.09418343927876593,-1.0,2.5848488356815746
0.404788440528147,0.026796301951204526,-0.13309204605265035,1.2090757150979496
-1.0,0.8473344057278402,-0.415619502101912,6.402770826667659
1.0,-0.5832681777061157,-0.6609214416434461,5.211767916771434
1.0,-0.11982093363101032,0.8452951525920076,9.440743423335947
0.555278179393216,0.5105819829975726,0.5265495920908323,1.6199390013799981
0.3800581132545473,-0.6179726529430043,-1.0,-7.773361671745907
-0.018895300222262934,-0.5474307061929145,-0.20171935451894973,1.605467586135859
-0.4427601478946268,-0.3833308710294896,-0.013042532029365672,-0.03959642700402621
0.9173486078194408,0.578905974385163,0.40088650968816086,6.211559366942681
1.0,1.0,-0.2148628186732071,15.601896712226132
-0.743499558609146,-0.9673280608985328,-0.18515333942724377,4.755712688624843
0.6063350581234912,0.46498960253201904,-1.0,-1.854766990020647
0.4386494545867965,-0.7793340511838847,0.11379006165014793,1.250215071697305
0.8494721869026891,-1.0,1.0,-8.020241619813659
0.44034227144550675,0.9222215292279154,0.2225056997298822,4.953298034223284
-0.20788424788670024,-1.0,-0.17711060025429237,2.9201264656667933
-1.0,-1.0,0.8123207396828518,17.36873169455462
-0.24534359945717887,0.08916828255410536,0.11764944517278098,0.22092978014740455
0.5684736783905966,0.2244145202400023,-1.0,-1.730622654319428
0.8483701953893881,-1.0,0.5426999900503449,-3.057086010131594
-0.3658679256474746,-0.10134078294850135,1.0,1.257225918074275
-0.14086213750064802,-0.07425484937889881,1.0,0.6087363809886155
0.08455761814887386,0.7704444557820398,-0.45131211308233765,2.1177934439217454
-1.0,0.01715956970924304,0.33896434414704335,-3.933366413660807
-0.5440942428755573,-0.1345936623221704,1.0,1.5026195388539865
0.43045378207454976,-1.0,-0.4234060231692969,-1.7559308235854825
0.5026013068589157,0.24125699986932592,1.0,1.4362290642430107
1.0,-1.0,-0.27642724156865306,-9.162184660735091
-0.9822337892809732,-0.20454342707802597,-0.3458628636182235,-1.2310507465705118
-0.6848190543725654,-0.6255095973776732,0.8357914355520539,2.596053800757368
-0.3442240781518977,-1.0,-0.009251138856768426,3.042655452550113
-0.3776743746520004,-0.1955612890187426,-1.0,-1.8466169971904236
-1.0,-0.7338322407603692,-1.0,5.252817983029605
0.29348387265807974,-0.31282965551267683,0.17164100039978925,0.8664812896242458
-0.1404802092356916,0.9203599471811656,-0.529283771872813,4.238910397359829
-1.0,-0.7194076998889272,-1.0,3.803289919271289
-1.0,-0.3621333298194944,0.5314674860629063,-0.8949315015212949
-0.4650139840578782,-0.6756597473890127,-0.12822311691887345,1.3435139250578367
0.45157283338803533,-0.928542483553382,0.5253087492203119,0.07272548960876399
-0.1698229460333689,0.6796461273774324,0.563375514769894,1.4215646260955308
0.45050279626831324,-0.4803887490086214,-0.1681571209599786,0.9437586641539257
0.025070922325039824,0.06320369975326878,0.7198122284848412,-0.47569005179497337
0.9866022817542837,0.09270503501140182,0.5260582815104939,7.453270783348601
-0.15432218912809303,-0.21585027982462912,0.5644238700325475,-0.35752900649413166
-1.0,-0.1966144738804323,1.0,4.427576097331611
-0.7236543402960798,-0.022447507638736486,-0.6399234098502893,0.42715756777864394
-0.09043462121551937,0.12348386898880093,-1.0,-4.070229435064303
1.0,0.6025297594676746,-1.0,13.23409119680724
0.8696870330294448,-0.2359970264722686,1.0,3.1546934826827604
0.33954719958590074,-0.6721185710164246,-0.5519076428978968,0.9193387816973941
-0.26309660390636735,0.1726759397326889,-1.0,-2.5739652851089647
-0.7091289883173915,0.9403088833168125,-1.0,-0.023221757539831283
-0.15283174178681214,-0.3559164829877497,-0.2934280377747689,0.7880422353824978
-1.0,1.0,-0.0003474574133253139,7.705138014538595
0.017586605475968353,-0.06378409905657345,1.0,-0.15206786025089192
-0.7441108948852431,0.020009918638052016,-1.0,3.138607476910114
-1.0,0.21814948657710986,1.0,3.0218901507626135
-0.11826428672076217,0.6984594424490074,-0.9722989428651256,-4.045324011610516
-0.7420725367589773,-0.3677959008146021,-1.0,2.707445983057549
-0.012020772758071896,-0.7122105182652254,0.2931488152601627,0.42425295621348336
0.5323722269997297,-1.0,-0.09540918782259289,-0.37339962649444747
-0.3285222993872132,-0.11856211014200446,0.18778058576982315,0.357756296430163
-0.6226320825401153,0.7918900445283894,0.42655522773128096,-0.8585096071948553
-0.19220121143068414,0.16343274911279715,-1.0,-2.063187913712304
0.327244390834007,0.9310291046770489,0.1930171678891328,5.283095305265768
-0.0287058437151535,0.9809205847391398,-0.6847323377609902,7.685524504867352
0.543254368177436,1.0,-0.005149747139833183,7.705681153119559
-0.7163113929735359,-0.38022821259324635,0.11340862861611911,-0.2531729900981563
1.0,0.6876805239672601,-0.42850008379657556,7.06644848110843
0.27469308178321206,-0.6040801133006874,-0.6463977481981225,0.8209929946942742
-1.0,-0.608464764543927,0.7144535973672357,5.498140112553703
-0.0661998767156129,0.9495413034997573,0.14305738753252983,5.2491704068637315
0.9932992498251811,0.0023264376209704007,0.5549655519917769,6.7034357587467674
-1.0,-1.0,0.991814145841728,21.401899493599792
-0.6715117866681777,-0.5757406631485953,0.32024100279136114,1.5218528925775716
-0.4844523700469541,-0.5638981510288392,0.4985188846245361,0.6938380574548234
0.0034039363829569957,-1.0,0.20198772360676864,1.0940001163674382
-0.008447858467776959,1.0,0.4658221471886257,7.941006621077392
0.49288276578441015,0.31402960655285894,-0.02088601650125077,0.9205966637703377
-1.0,-1.0,1.0,21.304629645404223
0.6754913546456465,0.19755206067789177,1.0,2.785896354877475
0.3228299683766218,-1.0,-0.30050551563336336,0.7014942732269391
-0.4234201347261386,-0.4399996303345677,0.32619585569633314,0.7399997197633106
1.0,1.0,-0.6869418098819717,25.746073088088103
1.0,-0.5933869079179706,0.14587559712576037,3.0167465537513114
-1.0,1.0,0.009472599787775149,7.379705522459043
-0.9312159064660033,0.7935699954161899,0.831846597957806,1.5787046255734611
0.5280189961641568,-0.8034457806622115,1.0,-5.293166187727809
0.23597393397170374,-1.0,-1.0,-18.88550429715602
-1.0,0.01340853003851139,-1.0,10.600569239480127
0.5885015824763471,1.0,-1.0,8.49221481686882
0.030943315750174394,-0.580344276417649,-1.0,-6.585619572889369
-0.5309819774745159,-0.3697087247816131,-0.138157105169618,1.1513744666393568
0.8334289127389192,1.0,-0.2408204842559436,11.286661444424377
-0.7017302409759867,-0.29696071792216316,-1.0,1.7611017002451923
1.0,-0.5087996835101709,0.6321370604686021,5.246981836452522
0.2805861850163256,0.8173194027294104,0.18520561516622513,1.3607543344700197
-1.0,-0.563579186833731,0.29135290823311255,-0.18394710509332032
-0.4718677289869784,0.4248650728508161,0.4547394192357046,-0.9711806920417374
0.24991197030289225,0.2656381358354951,-0.38121290265426233,0.002060465232800346
-0.7277470168965623,0.44490819855706043,-0.2197443462015991,-3.112719185017876
-0.22165957524017155,0.4767602158557862,0.059233791825201054,-0.3669708740397655
-0.06074082486863697,1.0,-1.0,3.983384626877148
-0.18130284213302827,-0.7926975045248654,0.30720639577654585,1.670760223848971
0.17278865403803212,-0.6022147742546444,-1.0,-6.8763842628483225
0.44671140113614305,0.008753593546839689,0.7526826842664598,0.5034962747524107
-1.0,-0.6859558248021831,0.8227776068969839,8.513833104197364
-0.16648944110126118,-1.0,1.0,-6.23848109329105
1.0,0.8549753110883984,-0.41917107909741436,10.253709092662461
-0.034691056606294346,0.22993446834936093,-1.0,-3.0980377281815525
0.8329584320725993,0.3836213899550258,-0.12416895992857446,2.7625678576205046
0.706357296828025,0.17999836707912809,0.014199200614542606,2.551823940523197
-0.2687695442390936,-0.9252221919253258,-0.3984439279856449,1.350596305476624
-0.4027903137865936,-0.2169829802089298,-0.09659128615345636,0.5493748959655412
0.4720456862993352,-0.1200657847304436,1.0,-1.1985859580460232
1.0,0.5758228442622697,-0.3131260287089044,5.720494044355013
0.4136692300351652,1.0,-0.18357465876162182,9.550085718911248
0.11043984538210783,0.45070670859540285,1.0,3.435473681161797
0.26129225368188247,0.24203545447935415,-0.31959551610131864,1.3908192378622686
-1.0,-0.11641643470375707,1.0,3.8492500899870734
1.0,-0.06623917399747614,-0.8647739370035767,7.6083814175466555
-0.8787941439751967,0.33651150915634465,1.0,3.068640122644318
-0.008429196445715936,0.9396369635473163,-1.0,0.09716849475481801
-1.0,0.33579398978552644,-0.08429797056060484,-4.041000677002402
0.007769870451401983,-0.5161651676101675,0.6475631183837469,0.7280256372186853
1.0,0.20055283253122802,-0.3294276838408592,3.973751576173661
-1.0,0.14171792593742216,1.0,3.389225949616532
0.9071445906230011,-0.9250577860700693,-0.4263269126785514,-3.5872235392369545
0.3809072301168728,0.6226341144328755,1.0,5.153599973382614
-1.0,0.22259349545120544,-1.0,14.633135954396032
0.5169088292007842,-0.4902524098338834,0.18476439794686783,1.5530594337029293
-0.3618030509191741,0.5992438650662939,1.0,4.809132664794693
0.2314743606953238,-0.3235400453696773,0.27826432887463204,0.44356629121180435
-0.5831166749472316,0.750441720298958,0.6831540995261216,1.0661101666964465
-0.9888407695422043,-0.11070016518486292,0.7763457039308186,-1.3912189671595614
0.8112910659464967,0.1554827275524182,-1.0,1.3692062535812737
-0.17320579808698433,0.9633952133265729,-0.348829914985999,6.7048216000521395
0.5497736196447573,0.4068004026788097,-0.1524345608016242,0.9456391669911309
-0.2279079836361586,0.35053295335629264,-1.0,-3.36164789330985
0.08885491620627373,1.0,-0.8148592736129345,8.9414436117057
-0.015141598256207311,-1.0,0.7399624512572889,-1.5588360510539183
1.0,-1.0,-1.0,-29.691284641461436
-0.957585604698945,1.0,0.1974489159537307,4.372478092871134
-1.0,0.29816473317524617,-1.0,15.343727943090611
-0.32454481023709825,-1.0,0.6724383715002331,0.9517753689191473
1.0,-1.0,-0.263312594042838,-9.515730835736763
-0.12338697286658729,-1.0,-0.15530483264204298,2.808253244968002
-1.0,-0.4500460261375283,-0.42252886585104954,-1.1926868118088723
-0.723697921599723,1.0,-0.13543354382919603,4.61474012166099
0.2472230713029251,1.0,1.0,11.156678643040797
0.06308189739394154,-0.9483473437121297,-1.0,-14.49085975302315
0.49920179022172806,-1.0,0.5778502388780111,-1.6045042110695662
-1.0,-0.6993382560680246,-0.5195745805467256,1.9526255948573912
0.3670147929354697,-1.0,-0.5748428063094626,-3.038504798706519
0.18781018186710496,-1.0,0.10482183586548888,1.527576708402752
-0.2171967491785236,0.8714753115679608,-0.29348816839699254,3.124989379733864
-0.8472690437490682,-0.4849691067064277,0.7900432262985462,2.76729754852707
1.0,-0.023281737752536724,-0.6597980726510779,6.632259008020709
-1.0,0.7239124787250768,-0.3901420399962987,1.9821027645050018
-1.0,0.24235692149662968,-0.824045041245868,5.874153617419938
-1.0,1.0,0.8901146907977147,7.7309741061656965
0.33161006116976366,1.0,-0.11554685828301237,8.098975851706703
0.0030048527722725815,1.0,-0.17376602519227258,8.008453754786684
-0.4176957634257761,1.0,0.06326589633291757,6.352985467289059
0.07074164865933819,-0.43931799257872073,1.0,-2.240858064628656
0.8052440763029431,0.46257213559042776,0.6719633558671574,4.302536964112166
-0.045452473665088755,0.5974367103287166,0.22366953825007907,0.22073907200366447
0.743281312622945,-1.0,-0.002412299503825377,-3.766616148251029
-0.08426950223974994,0.8300948069468992,1.0,8.637078955783037
-1.0,-0.4522057759793159,0.5937797977134058,-0.7199416786308748
-0.2631123741942405,-0.14485543295925019,0.8526797746136938,0.06902728013916569
1.0,-0.41642574767574647,-0.3040201596313721,5.283724093297615
